<Page xmlns="http://schemas.nativescript.org/tns.xsd" navigatingTo="navigatingTo">
    <ActionBar title="Marina Mercante" />
    
    <TabView>
        <TabViewItem title="Perfiles">
            <GridLayout>
                <ListView items="{{ profiles }}" class="list-group">
                    <ListView.itemTemplate>
                        <StackLayout class="list-group-item p-4" tap="{{ onProfileTap }}">
                            <Label text="{{ fullName }}" class="font-bold text-lg" />
                            <Label text="{{ position }}" class="text-gray-600" />
                            <Label text="{{ '€' + currentPrice }}" class="text-green-600" />
                        </StackLayout>
                    </ListView.itemTemplate>
                </ListView>
            </GridLayout>
        </TabViewItem>
        
        <TabViewItem title="Mi Perfil">
            <GridLayout>
                <!-- Contenido del perfil del usuario -->
            </GridLayout>
        </TabViewItem>
    </TabView>
</Page>